index,Unnamed: 0,Max_Drawdown
0,FTSE100,-8.175603862939111
1,GBPUSD,-16.88801553510232
2,SP500,-17.63220093087704
3,UK_Gov_Bonds,-13.230032843616652
