index,Unnamed: 0,Max_Drawdown
0,FTSE100,-0.0817560386293911
1,GBPUSD,-0.1688801553510232
2,SP500,-0.1763220093087704
3,UK_Gov_Bonds,-0.1323003284361665
