FTSE100_Mean,GBPUSD_Mean,SP500_Mean,Bonds_Mean
0.0001401316953337142,-6.959872448944216e-05,0.0004905713944138449,0.00013377787270087835
